{
 "ps1": {
  "Per SSIM": {
   "00002.png": 0.5914589762687683,
   "00014.png": 0.8452352285385132,
   "00001.png": 0.5766816735267639,
   "00007.png": 0.8084467649459839,
   "00008.png": 0.7471858263015747,
   "00013.png": 0.8563221096992493,
   "00003.png": 0.7247916460037231,
   "00018.png": 0.882305383682251,
   "00004.png": 0.7359352111816406,
   "00020.png": 0.8393470644950867,
   "00006.png": 0.8107659220695496,
   "00000.png": 0.6402142643928528,
   "00012.png": 0.8303239345550537,
   "00016.png": 0.809194028377533,
   "00009.png": 0.8146796822547913,
   "00017.png": 0.8449140787124634,
   "00024.png": 0.8539349436759949,
   "00005.png": 0.7543244361877441,
   "00021.png": 0.8301689624786377,
   "00023.png": 0.7441049218177795,
   "00010.png": 0.784645140171051,
   "00022.png": 0.8733643889427185,
   "00019.png": 0.880728006362915,
   "00011.png": 0.7773997783660889,
   "00015.png": 0.8382617235183716
  },
  "Per PSNR": {
   "00002.png": 19.973644256591797,
   "00014.png": 27.829378128051758,
   "00001.png": 19.801124572753906,
   "00007.png": 26.212299346923828,
   "00008.png": 25.043777465820312,
   "00013.png": 27.92168617248535,
   "00003.png": 21.767663955688477,
   "00018.png": 29.53141975402832,
   "00004.png": 22.397857666015625,
   "00020.png": 27.636089324951172,
   "00006.png": 26.265735626220703,
   "00000.png": 21.407258987426758,
   "00012.png": 26.855180740356445,
   "00016.png": 26.06960678100586,
   "00009.png": 25.884511947631836,
   "00017.png": 27.304664611816406,
   "00024.png": 27.351421356201172,
   "00005.png": 23.843345642089844,
   "00021.png": 27.81343650817871,
   "00023.png": 24.72113037109375,
   "00010.png": 25.175182342529297,
   "00022.png": 29.072778701782227,
   "00019.png": 28.53561782836914,
   "00011.png": 24.083789825439453,
   "00015.png": 27.673587799072266
  },
  "Per LPIPS": {
   "00002.png": 0.2841550409793854,
   "00014.png": 0.16072818636894226,
   "00001.png": 0.263201504945755,
   "00007.png": 0.15377399325370789,
   "00008.png": 0.20394057035446167,
   "00013.png": 0.12472880631685257,
   "00003.png": 0.2059764415025711,
   "00018.png": 0.1382024586200714,
   "00004.png": 0.21591325104236603,
   "00020.png": 0.16039741039276123,
   "00006.png": 0.15714716911315918,
   "00000.png": 0.24710974097251892,
   "00012.png": 0.14789536595344543,
   "00016.png": 0.17084844410419464,
   "00009.png": 0.15374545753002167,
   "00017.png": 0.12599611282348633,
   "00024.png": 0.1429041028022766,
   "00005.png": 0.19947010278701782,
   "00021.png": 0.17856836318969727,
   "00023.png": 0.2180314064025879,
   "00010.png": 0.17684756219387054,
   "00022.png": 0.15120986104011536,
   "00019.png": 0.14978176355361938,
   "00011.png": 0.1880432516336441,
   "00015.png": 0.15170180797576904
  },
  "Per HVS": {
   "00002.png": 6.22781299171038e-05,
   "00014.png": 8.960420018411241e-06,
   "00001.png": 6.18495760136284e-05,
   "00007.png": 1.185876772069605e-05,
   "00008.png": 1.7281916370848194e-05,
   "00013.png": 8.00527777755633e-06,
   "00003.png": 4.237080429447815e-05,
   "00018.png": 5.946012606727891e-06,
   "00004.png": 3.5916120395995677e-05,
   "00020.png": 9.999246685765684e-06,
   "00006.png": 1.2414809134497773e-05,
   "00000.png": 4.618068123818375e-05,
   "00012.png": 1.1001215170836076e-05,
   "00016.png": 1.4555442248820327e-05,
   "00009.png": 1.4056830877962057e-05,
   "00017.png": 9.595035407983232e-06,
   "00024.png": 9.886543921311386e-06,
   "00005.png": 2.3172187866293825e-05,
   "00021.png": 9.436032087251078e-06,
   "00023.png": 2.086579661408905e-05,
   "00010.png": 1.7979233234655112e-05,
   "00022.png": 6.740882326994324e-06,
   "00019.png": 8.294441613543313e-06,
   "00011.png": 2.2740610802429728e-05,
   "00015.png": 1.0152510185434949e-05
  }
 }
}