{
 "ps1": {
  "SSIM": 0.7877894043922424,
  "PSNR": 25.606887817382812,
  "LPIPS": 0.17881272733211517,
  "HVS": 2.0061539544258267e-05
 }
}