{
 "ps=1": {
  "Per HVS": {
   "00002.png": 6.22781299171038e-05,
   "00014.png": 8.960420018411241e-06,
   "00001.png": 6.18495760136284e-05,
   "00007.png": 1.185876772069605e-05,
   "00008.png": 1.7281916370848194e-05,
   "00013.png": 8.00527777755633e-06,
   "00003.png": 4.237080429447815e-05,
   "00018.png": 5.946012606727891e-06,
   "00004.png": 3.5916120395995677e-05,
   "00020.png": 9.999246685765684e-06,
   "00006.png": 1.2414809134497773e-05,
   "00000.png": 4.618068123818375e-05,
   "00012.png": 1.1001215170836076e-05,
   "00016.png": 1.4555442248820327e-05,
   "00009.png": 1.4056830877962057e-05,
   "00017.png": 9.595035407983232e-06,
   "00024.png": 9.886543921311386e-06,
   "00005.png": 2.3172187866293825e-05,
   "00021.png": 9.436032087251078e-06,
   "00023.png": 2.086579661408905e-05,
   "00010.png": 1.7979233234655112e-05,
   "00022.png": 6.740882326994324e-06,
   "00019.png": 8.294441613543313e-06,
   "00011.png": 2.2740610802429728e-05,
   "00015.png": 1.0152510185434949e-05
  }
 }
}