{
 "ps=12": {
  "Per HVS": {
   "00002.png": 0.00043745076982304454,
   "00014.png": 0.00032166705932468176,
   "00001.png": 0.0003211461007595062,
   "00007.png": 0.00022272721980698407,
   "00008.png": 0.00024085836776066571,
   "00013.png": 0.00021962281607557088,
   "00003.png": 0.0003405042225494981,
   "00018.png": 0.0003225207037758082,
   "00004.png": 0.0003803200088441372,
   "00020.png": 0.00029113335767760873,
   "00006.png": 0.00020911118190269917,
   "00000.png": 0.0003960718458984047,
   "00012.png": 0.00018532264220993966,
   "00016.png": 0.00032144211581908166,
   "00009.png": 0.00021533445396926254,
   "00017.png": 0.00029150358750484884,
   "00024.png": 0.0003894423134624958,
   "00005.png": 0.00030056852847337723,
   "00021.png": 0.0003628493577707559,
   "00023.png": 0.00033573410473763943,
   "00010.png": 0.00018232189177069813,
   "00022.png": 0.000310800300212577,
   "00019.png": 0.00036689374246634543,
   "00011.png": 0.0002591775846667588,
   "00015.png": 0.00021785141143482178
  }
 }
}