{
 "ps=3": {
  "Per HVS": {
   "00002.png": 0.0001873058790806681,
   "00014.png": 0.00010412002302473411,
   "00001.png": 0.00016668923490215093,
   "00007.png": 8.284260547952726e-05,
   "00008.png": 7.948539132485166e-05,
   "00013.png": 7.446784002240747e-05,
   "00003.png": 0.00016141727974172682,
   "00018.png": 0.00011460319365141913,
   "00004.png": 0.00017258200387004763,
   "00020.png": 0.00011816428013844416,
   "00006.png": 8.08556578704156e-05,
   "00000.png": 0.0001657614775467664,
   "00012.png": 6.14406235399656e-05,
   "00016.png": 0.00010010557889472693,
   "00009.png": 7.634081703145057e-05,
   "00017.png": 0.00011054471542593092,
   "00024.png": 0.00013619901437778026,
   "00005.png": 0.00011792161967605352,
   "00021.png": 0.00012526467617135495,
   "00023.png": 0.00013200494868215173,
   "00010.png": 7.339049625443295e-05,
   "00022.png": 0.00010193244088441133,
   "00019.png": 0.00012897422129753977,
   "00011.png": 8.723942301003262e-05,
   "00015.png": 9.246736590284854e-05
  }
 }
}