{
 "ps=7": {
  "Per HVS": {
   "00002.png": 0.0003697417851071805,
   "00014.png": 0.000263416237430647,
   "00001.png": 0.0002853172190953046,
   "00007.png": 0.0001847301027737558,
   "00008.png": 0.0001944465038832277,
   "00013.png": 0.00017916264187078923,
   "00003.png": 0.00028918770840391517,
   "00018.png": 0.00026593965594656765,
   "00004.png": 0.0003272768808528781,
   "00020.png": 0.00025019279564730823,
   "00006.png": 0.00017207696510013193,
   "00000.png": 0.00032772973645478487,
   "00012.png": 0.00015013736265245825,
   "00016.png": 0.00025909917894750834,
   "00009.png": 0.00017928935994859785,
   "00017.png": 0.00024141960602719337,
   "00024.png": 0.00031800250872038305,
   "00005.png": 0.0002532918588258326,
   "00021.png": 0.00029716725111939013,
   "00023.png": 0.00028409657534211874,
   "00010.png": 0.00015369945322163403,
   "00022.png": 0.00025272939819842577,
   "00019.png": 0.00030508614145219326,
   "00011.png": 0.00021029762865509838,
   "00015.png": 0.0001867949904408306
  }
 }
}